MaLop,GVCN
IT2-K68-01,GV0002
IT-EP-K68-01,GV0003
IT-E10-K68-01,GV0007
IT-E6-K68-01,GV0011
IT2-K68-02,GV0013
IT-E10-K68-02,GV0015
IT-EP-K68-02,GV0018
IT-E10-K68-03,GV0023
IT2-K68-03,GV0025
IT-E6-K68-02,GV0026
IT-EP-K68-03,GV0029
IT-E10-K68-04,GV0031
IT2-K68-04,GV0034
IT-EP-K68-04,GV0036
IT-E6-K68-03,GV0038
IT-E6-K68-04,GV0042
IT2-K68-05,GV0046
IT-EP-K68-05,GV0047
IT-E10-K68-05,GV0049
IT-E15-K68-01,GV0050
IT1-K68-01,GV0054
IT-E6-K68-05,GV0057
IT1-K68-02,GV0061
IT-E15-K68-02,GV0062
IT-E7-K68-01,GV0069
IT1-K68-03,GV0070
IT-E7-K68-02,GV0073
IT-E15-K68-03,GV0077
IT1-K68-04,GV0081
IT-E15-K68-04,GV0084
IT-E7-K68-03,GV0088
IT-E7-K68-04,GV0092
IT1-K68-05,GV0095
IT-E15-K68-05,GV0099
IT-E7-K68-05,GV0103
